<alloy builddate="2008/10/27 23:45 EDT">

<instance bitwidth="4" maxseq="7" command="Run mapping_run_ecommerce for 49" filename="">

<sig label="univ" ID="0" builtin="yes">
   <atom label="assertions/relationalModel/Table$0"/>
   <atom label="assertions/relationalModel/Table$1"/>
   <atom label="assertions/relationalModel/Table$2"/>
   <atom label="assertions/relationalModel/Table$3"/>
   <atom label="assertions/relationalModel/Table$4"/>
   <atom label="assertions/relationalModel/Table$5"/>
   <atom label="assertions/relationalModel/Table$6"/>
   <atom label="assertions/relationalModel/Table$7"/>
   <atom label="assertions/relationalModel/Table$8"/>
   <atom label="assertions/relationalModel/Table$9"/>
   <atom label="assertions/relationalModel/Table$10"/>
   <atom label="assertions/relationalModel/Table$11"/>
   <atom label="assertions/relationalModel/Table$12"/>
   <atom label="assertions/relationalModel/Table$13"/>
   <atom label="assertions/relationalModel/Table$14"/>
   <atom label="assertions/relationalModel/Table$15"/>
   <atom label="assertions/relationalModel/Table$16"/>
   <atom label="assertions/relationalModel/Table$17"/>
   <atom label="assertions/relationalModel/Field$0"/>
   <atom label="assertions/relationalModel/Field$1"/>
   <atom label="assertions/relationalModel/Field$2"/>
   <atom label="assertions/relationalModel/Field$3"/>
   <atom label="assertions/relationalModel/Field$4"/>
   <atom label="assertions/relationalModel/Field$5"/>
   <atom label="assertions/relationalModel/Field$6"/>
   <atom label="assertions/relationalModel/Field$7"/>
   <atom label="assertions/relationalModel/Field$8"/>
   <atom label="assertions/relationalModel/Field$9"/>
   <atom label="assertions/relationalModel/Field$10"/>
   <atom label="assertions/relationalModel/Field$11"/>
   <atom label="assertions/relationalModel/Field$12"/>
   <atom label="assertions/relationalModel/Field$13"/>
   <atom label="assertions/relationalModel/Field$14"/>
   <atom label="assertions/relationalModel/Field$15"/>
   <atom label="assertions/relationalModel/Field$16"/>
   <atom label="assertions/relationalModel/Field$17"/>
   <atom label="assertions/relationalModel/Field$18"/>
   <atom label="assertions/relationalModel/Field$19"/>
   <atom label="assertions/relationalModel/Field$20"/>
   <atom label="assertions/relationalModel/Field$21"/>
   <atom label="assertions/relationalModel/Field$22"/>
   <atom label="assertions/relationalModel/Field$23"/>
   <atom label="assertions/relationalModel/Field$24"/>
   <atom label="ecommerce/Customer"/>
   <atom label="ecommerce/Order"/>
   <atom label="ecommerce/ShippingCart"/>
   <atom label="ecommerce/Item"/>
   <atom label="ecommerce/CartItem"/>
   <atom label="ecommerce/OrderItem"/>
   <atom label="ecommerce/Category"/>
   <atom label="ecommerce/Product"/>
   <atom label="ecommerce/Catalog"/>
   <atom label="ecommerce/PhysicalProduct"/>
   <atom label="ecommerce/ElectronicProduct"/>
   <atom label="ecommerce/Service"/>
   <atom label="ecommerce/Asset"/>
   <atom label="ecommerce/Media"/>
   <atom label="ecommerce/Documents"/>
   <atom label="ecommerce/customerID"/>
   <atom label="ecommerce/orderID"/>
   <atom label="ecommerce/shippingCartID"/>
   <atom label="ecommerce/ItemID"/>
   <atom label="ecommerce/quantity"/>
   <atom label="ecommerce/cartItemID"/>
   <atom label="ecommerce/status"/>
   <atom label="ecommerce/orderItemID"/>
   <atom label="ecommerce/categoryID"/>
   <atom label="ecommerce/productID"/>
   <atom label="ecommerce/CatalogID"/>
   <atom label="ecommerce/assetID"/>
   <atom label="ecommerce/mediaType"/>
   <atom label="ecommerce/price"/>
   <atom label="ecommerce/weight"/>
   <atom label="ecommerce/categoryName"/>
   <atom label="ecommerce/productName"/>
   <atom label="ecommerce/description"/>
   <atom label="ecommerce/size"/>
   <atom label="ecommerce/schedule"/>
   <atom label="ecommerce/assetName"/>
   <atom label="ecommerce/fileURI"/>
   <atom label="ecommerce/excerpt"/>
   <atom label="ecommerce/availability"/>
   <atom label="ecommerce/CustomerOrderAssociation"/>
   <atom label="ecommerce/CustomerShippingCartAssociation"/>
   <atom label="ecommerce/ShippingCartItemAssociation"/>
   <atom label="ecommerce/OrderItemAssociation"/>
   <atom label="ecommerce/ProductCategoryAssociation"/>
   <atom label="ecommerce/ProductCatalogAssociation"/>
   <atom label="ecommerce/ProductItemAssociation"/>
   <atom label="ecommerce/ProductAssetAssociation"/>
   <atom label="AssociationMappings/Declaration/DType$0"/>
   <atom label="AssociationMappings/Declaration/No$0"/>
   <atom label="AssociationMappings/Declaration/ONE"/>
   <atom label="AssociationMappings/Declaration/MANY"/>
   <atom label="ORMStrategies/UnionSubclassStrategy"/>
   <atom label="ORMStrategies/JoinedSubclassStrategy"/>
   <atom label="ORMStrategies/UnionSuperclassStrategy"/>
   <atom label="AssociationMappings/ForeignKeyEmbeddingStrategy"/>
   <atom label="AssociationMappings/OwnAssociationTableStrategy"/>
   <atom label="AssociationMappings/MergingOneTableStrategy"/>
   <atom label="AssociationMappings/AssociationMappingStrategies"/>
   <atom label="-8"/>
   <atom label="-7"/>
   <atom label="-6"/>
   <atom label="-5"/>
   <atom label="-4"/>
   <atom label="-3"/>
   <atom label="-2"/>
   <atom label="-1"/>
   <atom label="0"/>
   <atom label="1"/>
   <atom label="2"/>
   <atom label="3"/>
   <atom label="4"/>
   <atom label="5"/>
   <atom label="6"/>
   <atom label="7"/>
</sig>

<sig label="Int" ID="1" parentID="0" builtin="yes">
   <atom label="-8"/>
   <atom label="-7"/>
   <atom label="-6"/>
   <atom label="-5"/>
   <atom label="-4"/>
   <atom label="-3"/>
   <atom label="-2"/>
   <atom label="-1"/>
   <atom label="0"/>
   <atom label="1"/>
   <atom label="2"/>
   <atom label="3"/>
   <atom label="4"/>
   <atom label="5"/>
   <atom label="6"/>
   <atom label="7"/>
</sig>

<sig label="seq/Int" ID="2" parentID="1" builtin="yes">
   <atom label="0"/>
   <atom label="1"/>
   <atom label="2"/>
   <atom label="3"/>
   <atom label="4"/>
   <atom label="5"/>
   <atom label="6"/>
</sig>

<sig label="fun/String" ID="3" parentID="0" builtin="yes">
</sig>

<sig label="assertions/relationalModel/Table" ID="4" parentID="0">
   <atom label="assertions/relationalModel/Table$0"/>
   <atom label="assertions/relationalModel/Table$1"/>
   <atom label="assertions/relationalModel/Table$2"/>
   <atom label="assertions/relationalModel/Table$3"/>
   <atom label="assertions/relationalModel/Table$4"/>
   <atom label="assertions/relationalModel/Table$5"/>
   <atom label="assertions/relationalModel/Table$6"/>
   <atom label="assertions/relationalModel/Table$7"/>
   <atom label="assertions/relationalModel/Table$8"/>
   <atom label="assertions/relationalModel/Table$9"/>
   <atom label="assertions/relationalModel/Table$10"/>
   <atom label="assertions/relationalModel/Table$11"/>
   <atom label="assertions/relationalModel/Table$12"/>
   <atom label="assertions/relationalModel/Table$13"/>
   <atom label="assertions/relationalModel/Table$14"/>
   <atom label="assertions/relationalModel/Table$15"/>
   <atom label="assertions/relationalModel/Table$16"/>
   <atom label="assertions/relationalModel/Table$17"/>
</sig>

<field label="fields" ID="5" parentID="4">
   <tuple> <atom label="assertions/relationalModel/Table$0"/> <atom label="assertions/relationalModel/Field$24"/> </tuple>
   <tuple> <atom label="assertions/relationalModel/Table$1"/> <atom label="assertions/relationalModel/Field$23"/> </tuple>
   <tuple> <atom label="assertions/relationalModel/Table$2"/> <atom label="assertions/relationalModel/Field$23"/> </tuple>
   <tuple> <atom label="assertions/relationalModel/Table$2"/> <atom label="assertions/relationalModel/Field$24"/> </tuple>
   <tuple> <atom label="assertions/relationalModel/Table$3"/> <atom label="assertions/relationalModel/Field$22"/> </tuple>
   <tuple> <atom label="assertions/relationalModel/Table$4"/> <atom label="assertions/relationalModel/Field$22"/> </tuple>
   <tuple> <atom label="assertions/relationalModel/Table$4"/> <atom label="assertions/relationalModel/Field$24"/> </tuple>
   <tuple> <atom label="assertions/relationalModel/Table$5"/> <atom label="assertions/relationalModel/Field$20"/> </tuple>
   <tuple> <atom label="assertions/relationalModel/Table$5"/> <atom label="assertions/relationalModel/Field$21"/> </tuple>
   <tuple> <atom label="assertions/relationalModel/Table$5"/> <atom label="assertions/relationalModel/Field$22"/> </tuple>
   <tuple> <atom label="assertions/relationalModel/Table$5"/> <atom label="assertions/relationalModel/Field$23"/> </tuple>
   <tuple> <atom label="assertions/relationalModel/Table$6"/> <atom label="assertions/relationalModel/Field$19"/> </tuple>
   <tuple> <atom label="assertions/relationalModel/Table$6"/> <atom label="assertions/relationalModel/Field$21"/> </tuple>
   <tuple> <atom label="assertions/relationalModel/Table$7"/> <atom label="assertions/relationalModel/Field$17"/> </tuple>
   <tuple> <atom label="assertions/relationalModel/Table$7"/> <atom label="assertions/relationalModel/Field$18"/> </tuple>
   <tuple> <atom label="assertions/relationalModel/Table$7"/> <atom label="assertions/relationalModel/Field$21"/> </tuple>
   <tuple> <atom label="assertions/relationalModel/Table$8"/> <atom label="assertions/relationalModel/Field$15"/> </tuple>
   <tuple> <atom label="assertions/relationalModel/Table$8"/> <atom label="assertions/relationalModel/Field$21"/> </tuple>
   <tuple> <atom label="assertions/relationalModel/Table$9"/> <atom label="assertions/relationalModel/Field$15"/> </tuple>
   <tuple> <atom label="assertions/relationalModel/Table$9"/> <atom label="assertions/relationalModel/Field$16"/> </tuple>
   <tuple> <atom label="assertions/relationalModel/Table$10"/> <atom label="assertions/relationalModel/Field$14"/> </tuple>
   <tuple> <atom label="assertions/relationalModel/Table$10"/> <atom label="assertions/relationalModel/Field$15"/> </tuple>
   <tuple> <atom label="assertions/relationalModel/Table$11"/> <atom label="assertions/relationalModel/Field$13"/> </tuple>
   <tuple> <atom label="assertions/relationalModel/Table$11"/> <atom label="assertions/relationalModel/Field$15"/> </tuple>
   <tuple> <atom label="assertions/relationalModel/Table$12"/> <atom label="assertions/relationalModel/Field$9"/> </tuple>
   <tuple> <atom label="assertions/relationalModel/Table$12"/> <atom label="assertions/relationalModel/Field$16"/> </tuple>
   <tuple> <atom label="assertions/relationalModel/Table$13"/> <atom label="assertions/relationalModel/Field$7"/> </tuple>
   <tuple> <atom label="assertions/relationalModel/Table$13"/> <atom label="assertions/relationalModel/Field$8"/> </tuple>
   <tuple> <atom label="assertions/relationalModel/Table$13"/> <atom label="assertions/relationalModel/Field$11"/> </tuple>
   <tuple> <atom label="assertions/relationalModel/Table$13"/> <atom label="assertions/relationalModel/Field$15"/> </tuple>
   <tuple> <atom label="assertions/relationalModel/Table$14"/> <atom label="assertions/relationalModel/Field$6"/> </tuple>
   <tuple> <atom label="assertions/relationalModel/Table$14"/> <atom label="assertions/relationalModel/Field$15"/> </tuple>
   <tuple> <atom label="assertions/relationalModel/Table$15"/> <atom label="assertions/relationalModel/Field$5"/> </tuple>
   <tuple> <atom label="assertions/relationalModel/Table$15"/> <atom label="assertions/relationalModel/Field$15"/> </tuple>
   <tuple> <atom label="assertions/relationalModel/Table$16"/> <atom label="assertions/relationalModel/Field$1"/> </tuple>
   <tuple> <atom label="assertions/relationalModel/Table$16"/> <atom label="assertions/relationalModel/Field$7"/> </tuple>
   <tuple> <atom label="assertions/relationalModel/Table$16"/> <atom label="assertions/relationalModel/Field$8"/> </tuple>
   <tuple> <atom label="assertions/relationalModel/Table$16"/> <atom label="assertions/relationalModel/Field$10"/> </tuple>
   <tuple> <atom label="assertions/relationalModel/Table$16"/> <atom label="assertions/relationalModel/Field$11"/> </tuple>
   <tuple> <atom label="assertions/relationalModel/Table$16"/> <atom label="assertions/relationalModel/Field$15"/> </tuple>
   <tuple> <atom label="assertions/relationalModel/Table$17"/> <atom label="assertions/relationalModel/Field$0"/> </tuple>
   <tuple> <atom label="assertions/relationalModel/Table$17"/> <atom label="assertions/relationalModel/Field$2"/> </tuple>
   <tuple> <atom label="assertions/relationalModel/Table$17"/> <atom label="assertions/relationalModel/Field$3"/> </tuple>
   <tuple> <atom label="assertions/relationalModel/Table$17"/> <atom label="assertions/relationalModel/Field$4"/> </tuple>
   <tuple> <atom label="assertions/relationalModel/Table$17"/> <atom label="assertions/relationalModel/Field$12"/> </tuple>
   <tuple> <atom label="assertions/relationalModel/Table$17"/> <atom label="assertions/relationalModel/Field$13"/> </tuple>
   <types> <type ID="4"/> <type ID="6"/> </types>
</field>

<field label="primaryKey" ID="7" parentID="4">
   <tuple> <atom label="assertions/relationalModel/Table$0"/> <atom label="assertions/relationalModel/Field$24"/> </tuple>
   <tuple> <atom label="assertions/relationalModel/Table$1"/> <atom label="assertions/relationalModel/Field$23"/> </tuple>
   <tuple> <atom label="assertions/relationalModel/Table$2"/> <atom label="assertions/relationalModel/Field$23"/> </tuple>
   <tuple> <atom label="assertions/relationalModel/Table$2"/> <atom label="assertions/relationalModel/Field$24"/> </tuple>
   <tuple> <atom label="assertions/relationalModel/Table$3"/> <atom label="assertions/relationalModel/Field$22"/> </tuple>
   <tuple> <atom label="assertions/relationalModel/Table$4"/> <atom label="assertions/relationalModel/Field$22"/> </tuple>
   <tuple> <atom label="assertions/relationalModel/Table$4"/> <atom label="assertions/relationalModel/Field$24"/> </tuple>
   <tuple> <atom label="assertions/relationalModel/Table$5"/> <atom label="assertions/relationalModel/Field$21"/> </tuple>
   <tuple> <atom label="assertions/relationalModel/Table$6"/> <atom label="assertions/relationalModel/Field$21"/> </tuple>
   <tuple> <atom label="assertions/relationalModel/Table$7"/> <atom label="assertions/relationalModel/Field$21"/> </tuple>
   <tuple> <atom label="assertions/relationalModel/Table$8"/> <atom label="assertions/relationalModel/Field$15"/> </tuple>
   <tuple> <atom label="assertions/relationalModel/Table$8"/> <atom label="assertions/relationalModel/Field$21"/> </tuple>
   <tuple> <atom label="assertions/relationalModel/Table$9"/> <atom label="assertions/relationalModel/Field$15"/> </tuple>
   <tuple> <atom label="assertions/relationalModel/Table$9"/> <atom label="assertions/relationalModel/Field$16"/> </tuple>
   <tuple> <atom label="assertions/relationalModel/Table$10"/> <atom label="assertions/relationalModel/Field$14"/> </tuple>
   <tuple> <atom label="assertions/relationalModel/Table$11"/> <atom label="assertions/relationalModel/Field$13"/> </tuple>
   <tuple> <atom label="assertions/relationalModel/Table$11"/> <atom label="assertions/relationalModel/Field$15"/> </tuple>
   <tuple> <atom label="assertions/relationalModel/Table$12"/> <atom label="assertions/relationalModel/Field$16"/> </tuple>
   <tuple> <atom label="assertions/relationalModel/Table$13"/> <atom label="assertions/relationalModel/Field$15"/> </tuple>
   <tuple> <atom label="assertions/relationalModel/Table$14"/> <atom label="assertions/relationalModel/Field$15"/> </tuple>
   <tuple> <atom label="assertions/relationalModel/Table$15"/> <atom label="assertions/relationalModel/Field$15"/> </tuple>
   <tuple> <atom label="assertions/relationalModel/Table$16"/> <atom label="assertions/relationalModel/Field$15"/> </tuple>
   <tuple> <atom label="assertions/relationalModel/Table$17"/> <atom label="assertions/relationalModel/Field$13"/> </tuple>
   <types> <type ID="4"/> <type ID="6"/> </types>
</field>

<field label="foreignKey" ID="8" parentID="4">
   <tuple> <atom label="assertions/relationalModel/Table$2"/> <atom label="assertions/relationalModel/Field$23"/> </tuple>
   <tuple> <atom label="assertions/relationalModel/Table$2"/> <atom label="assertions/relationalModel/Field$24"/> </tuple>
   <tuple> <atom label="assertions/relationalModel/Table$4"/> <atom label="assertions/relationalModel/Field$22"/> </tuple>
   <tuple> <atom label="assertions/relationalModel/Table$4"/> <atom label="assertions/relationalModel/Field$24"/> </tuple>
   <tuple> <atom label="assertions/relationalModel/Table$5"/> <atom label="assertions/relationalModel/Field$22"/> </tuple>
   <tuple> <atom label="assertions/relationalModel/Table$5"/> <atom label="assertions/relationalModel/Field$23"/> </tuple>
   <tuple> <atom label="assertions/relationalModel/Table$6"/> <atom label="assertions/relationalModel/Field$21"/> </tuple>
   <tuple> <atom label="assertions/relationalModel/Table$7"/> <atom label="assertions/relationalModel/Field$21"/> </tuple>
   <tuple> <atom label="assertions/relationalModel/Table$8"/> <atom label="assertions/relationalModel/Field$15"/> </tuple>
   <tuple> <atom label="assertions/relationalModel/Table$8"/> <atom label="assertions/relationalModel/Field$21"/> </tuple>
   <tuple> <atom label="assertions/relationalModel/Table$9"/> <atom label="assertions/relationalModel/Field$15"/> </tuple>
   <tuple> <atom label="assertions/relationalModel/Table$9"/> <atom label="assertions/relationalModel/Field$16"/> </tuple>
   <tuple> <atom label="assertions/relationalModel/Table$10"/> <atom label="assertions/relationalModel/Field$15"/> </tuple>
   <tuple> <atom label="assertions/relationalModel/Table$11"/> <atom label="assertions/relationalModel/Field$13"/> </tuple>
   <tuple> <atom label="assertions/relationalModel/Table$11"/> <atom label="assertions/relationalModel/Field$15"/> </tuple>
   <tuple> <atom label="assertions/relationalModel/Table$14"/> <atom label="assertions/relationalModel/Field$15"/> </tuple>
   <tuple> <atom label="assertions/relationalModel/Table$15"/> <atom label="assertions/relationalModel/Field$15"/> </tuple>
   <types> <type ID="4"/> <type ID="6"/> </types>
</field>

<field label="tAssociate" ID="9" parentID="4">
   <tuple> <atom label="assertions/relationalModel/Table$0"/> <atom label="ecommerce/Customer"/> </tuple>
   <tuple> <atom label="assertions/relationalModel/Table$1"/> <atom label="ecommerce/Order"/> </tuple>
   <tuple> <atom label="assertions/relationalModel/Table$2"/> <atom label="ecommerce/CustomerOrderAssociation"/> </tuple>
   <tuple> <atom label="assertions/relationalModel/Table$3"/> <atom label="ecommerce/ShippingCart"/> </tuple>
   <tuple> <atom label="assertions/relationalModel/Table$4"/> <atom label="ecommerce/CustomerShippingCartAssociation"/> </tuple>
   <tuple> <atom label="assertions/relationalModel/Table$5"/> <atom label="ecommerce/Item"/> </tuple>
   <tuple> <atom label="assertions/relationalModel/Table$6"/> <atom label="ecommerce/CartItem"/> </tuple>
   <tuple> <atom label="assertions/relationalModel/Table$7"/> <atom label="ecommerce/OrderItem"/> </tuple>
   <tuple> <atom label="assertions/relationalModel/Table$8"/> <atom label="ecommerce/ProductItemAssociation"/> </tuple>
   <tuple> <atom label="assertions/relationalModel/Table$9"/> <atom label="ecommerce/ProductCategoryAssociation"/> </tuple>
   <tuple> <atom label="assertions/relationalModel/Table$10"/> <atom label="ecommerce/Catalog"/> </tuple>
   <tuple> <atom label="assertions/relationalModel/Table$11"/> <atom label="ecommerce/ProductAssetAssociation"/> </tuple>
   <tuple> <atom label="assertions/relationalModel/Table$12"/> <atom label="ecommerce/Category"/> </tuple>
   <tuple> <atom label="assertions/relationalModel/Table$13"/> <atom label="ecommerce/Product"/> </tuple>
   <tuple> <atom label="assertions/relationalModel/Table$14"/> <atom label="ecommerce/ElectronicProduct"/> </tuple>
   <tuple> <atom label="assertions/relationalModel/Table$15"/> <atom label="ecommerce/Service"/> </tuple>
   <tuple> <atom label="assertions/relationalModel/Table$16"/> <atom label="ecommerce/PhysicalProduct"/> </tuple>
   <tuple> <atom label="assertions/relationalModel/Table$17"/> <atom label="ecommerce/Asset"/> </tuple>
   <tuple> <atom label="assertions/relationalModel/Table$17"/> <atom label="ecommerce/Media"/> </tuple>
   <tuple> <atom label="assertions/relationalModel/Table$17"/> <atom label="ecommerce/Documents"/> </tuple>
   <types> <type ID="4"/> <type ID="10"/> </types>
   <types> <type ID="4"/> <type ID="11"/> </types>
</field>

<sig label="assertions/relationalModel/Field" ID="6" parentID="0">
   <atom label="assertions/relationalModel/Field$0"/>
   <atom label="assertions/relationalModel/Field$1"/>
   <atom label="assertions/relationalModel/Field$2"/>
   <atom label="assertions/relationalModel/Field$3"/>
   <atom label="assertions/relationalModel/Field$4"/>
   <atom label="assertions/relationalModel/Field$5"/>
   <atom label="assertions/relationalModel/Field$6"/>
   <atom label="assertions/relationalModel/Field$7"/>
   <atom label="assertions/relationalModel/Field$8"/>
   <atom label="assertions/relationalModel/Field$9"/>
   <atom label="assertions/relationalModel/Field$10"/>
   <atom label="assertions/relationalModel/Field$11"/>
   <atom label="assertions/relationalModel/Field$12"/>
   <atom label="assertions/relationalModel/Field$13"/>
   <atom label="assertions/relationalModel/Field$14"/>
   <atom label="assertions/relationalModel/Field$15"/>
   <atom label="assertions/relationalModel/Field$16"/>
   <atom label="assertions/relationalModel/Field$17"/>
   <atom label="assertions/relationalModel/Field$18"/>
   <atom label="assertions/relationalModel/Field$19"/>
   <atom label="assertions/relationalModel/Field$20"/>
   <atom label="assertions/relationalModel/Field$21"/>
   <atom label="assertions/relationalModel/Field$22"/>
   <atom label="assertions/relationalModel/Field$23"/>
   <atom label="assertions/relationalModel/Field$24"/>
</sig>

<field label="fAssociate" ID="12" parentID="6">
   <tuple> <atom label="assertions/relationalModel/Field$0"/> <atom label="AssociationMappings/Declaration/DType$0"/> </tuple>
   <tuple> <atom label="assertions/relationalModel/Field$1"/> <atom label="ecommerce/availability"/> </tuple>
   <tuple> <atom label="assertions/relationalModel/Field$2"/> <atom label="ecommerce/excerpt"/> </tuple>
   <tuple> <atom label="assertions/relationalModel/Field$3"/> <atom label="ecommerce/fileURI"/> </tuple>
   <tuple> <atom label="assertions/relationalModel/Field$4"/> <atom label="ecommerce/assetName"/> </tuple>
   <tuple> <atom label="assertions/relationalModel/Field$5"/> <atom label="ecommerce/schedule"/> </tuple>
   <tuple> <atom label="assertions/relationalModel/Field$6"/> <atom label="ecommerce/size"/> </tuple>
   <tuple> <atom label="assertions/relationalModel/Field$7"/> <atom label="ecommerce/description"/> </tuple>
   <tuple> <atom label="assertions/relationalModel/Field$8"/> <atom label="ecommerce/productName"/> </tuple>
   <tuple> <atom label="assertions/relationalModel/Field$9"/> <atom label="ecommerce/categoryName"/> </tuple>
   <tuple> <atom label="assertions/relationalModel/Field$10"/> <atom label="ecommerce/weight"/> </tuple>
   <tuple> <atom label="assertions/relationalModel/Field$11"/> <atom label="ecommerce/price"/> </tuple>
   <tuple> <atom label="assertions/relationalModel/Field$12"/> <atom label="ecommerce/mediaType"/> </tuple>
   <tuple> <atom label="assertions/relationalModel/Field$13"/> <atom label="ecommerce/assetID"/> </tuple>
   <tuple> <atom label="assertions/relationalModel/Field$14"/> <atom label="ecommerce/CatalogID"/> </tuple>
   <tuple> <atom label="assertions/relationalModel/Field$15"/> <atom label="ecommerce/productID"/> </tuple>
   <tuple> <atom label="assertions/relationalModel/Field$16"/> <atom label="ecommerce/categoryID"/> </tuple>
   <tuple> <atom label="assertions/relationalModel/Field$17"/> <atom label="ecommerce/orderItemID"/> </tuple>
   <tuple> <atom label="assertions/relationalModel/Field$18"/> <atom label="ecommerce/status"/> </tuple>
   <tuple> <atom label="assertions/relationalModel/Field$19"/> <atom label="ecommerce/cartItemID"/> </tuple>
   <tuple> <atom label="assertions/relationalModel/Field$20"/> <atom label="ecommerce/quantity"/> </tuple>
   <tuple> <atom label="assertions/relationalModel/Field$21"/> <atom label="ecommerce/ItemID"/> </tuple>
   <tuple> <atom label="assertions/relationalModel/Field$22"/> <atom label="ecommerce/shippingCartID"/> </tuple>
   <tuple> <atom label="assertions/relationalModel/Field$23"/> <atom label="ecommerce/orderID"/> </tuple>
   <tuple> <atom label="assertions/relationalModel/Field$24"/> <atom label="ecommerce/customerID"/> </tuple>
   <types> <type ID="6"/> <type ID="13"/> </types>
</field>

<sig label="AssociationMappings/Declaration/needHandle" ID="13" parentID="0" abstract="yes">
   <atom label="ecommerce/Customer"/>
   <atom label="ecommerce/Order"/>
   <atom label="ecommerce/ShippingCart"/>
   <atom label="ecommerce/Item"/>
   <atom label="ecommerce/CartItem"/>
   <atom label="ecommerce/OrderItem"/>
   <atom label="ecommerce/Category"/>
   <atom label="ecommerce/Product"/>
   <atom label="ecommerce/Catalog"/>
   <atom label="ecommerce/PhysicalProduct"/>
   <atom label="ecommerce/ElectronicProduct"/>
   <atom label="ecommerce/Service"/>
   <atom label="ecommerce/Asset"/>
   <atom label="ecommerce/Media"/>
   <atom label="ecommerce/Documents"/>
   <atom label="ecommerce/customerID"/>
   <atom label="ecommerce/orderID"/>
   <atom label="ecommerce/shippingCartID"/>
   <atom label="ecommerce/ItemID"/>
   <atom label="ecommerce/quantity"/>
   <atom label="ecommerce/cartItemID"/>
   <atom label="ecommerce/status"/>
   <atom label="ecommerce/orderItemID"/>
   <atom label="ecommerce/categoryID"/>
   <atom label="ecommerce/productID"/>
   <atom label="ecommerce/CatalogID"/>
   <atom label="ecommerce/assetID"/>
   <atom label="ecommerce/mediaType"/>
   <atom label="ecommerce/price"/>
   <atom label="ecommerce/weight"/>
   <atom label="ecommerce/categoryName"/>
   <atom label="ecommerce/productName"/>
   <atom label="ecommerce/description"/>
   <atom label="ecommerce/size"/>
   <atom label="ecommerce/schedule"/>
   <atom label="ecommerce/assetName"/>
   <atom label="ecommerce/fileURI"/>
   <atom label="ecommerce/excerpt"/>
   <atom label="ecommerce/availability"/>
   <atom label="ecommerce/CustomerOrderAssociation"/>
   <atom label="ecommerce/CustomerShippingCartAssociation"/>
   <atom label="ecommerce/ShippingCartItemAssociation"/>
   <atom label="ecommerce/OrderItemAssociation"/>
   <atom label="ecommerce/ProductCategoryAssociation"/>
   <atom label="ecommerce/ProductCatalogAssociation"/>
   <atom label="ecommerce/ProductItemAssociation"/>
   <atom label="ecommerce/ProductAssetAssociation"/>
   <atom label="AssociationMappings/Declaration/DType$0"/>
   <atom label="AssociationMappings/Declaration/No$0"/>
</sig>

<sig label="AssociationMappings/Declaration/Attribute" ID="14" parentID="13" abstract="yes">
   <atom label="ecommerce/Customer"/>
   <atom label="ecommerce/Order"/>
   <atom label="ecommerce/ShippingCart"/>
   <atom label="ecommerce/Item"/>
   <atom label="ecommerce/CartItem"/>
   <atom label="ecommerce/OrderItem"/>
   <atom label="ecommerce/Category"/>
   <atom label="ecommerce/Product"/>
   <atom label="ecommerce/Catalog"/>
   <atom label="ecommerce/PhysicalProduct"/>
   <atom label="ecommerce/ElectronicProduct"/>
   <atom label="ecommerce/Service"/>
   <atom label="ecommerce/Asset"/>
   <atom label="ecommerce/Media"/>
   <atom label="ecommerce/Documents"/>
   <atom label="ecommerce/customerID"/>
   <atom label="ecommerce/orderID"/>
   <atom label="ecommerce/shippingCartID"/>
   <atom label="ecommerce/ItemID"/>
   <atom label="ecommerce/quantity"/>
   <atom label="ecommerce/cartItemID"/>
   <atom label="ecommerce/status"/>
   <atom label="ecommerce/orderItemID"/>
   <atom label="ecommerce/categoryID"/>
   <atom label="ecommerce/productID"/>
   <atom label="ecommerce/CatalogID"/>
   <atom label="ecommerce/assetID"/>
   <atom label="ecommerce/mediaType"/>
   <atom label="ecommerce/price"/>
   <atom label="ecommerce/weight"/>
   <atom label="ecommerce/categoryName"/>
   <atom label="ecommerce/productName"/>
   <atom label="ecommerce/description"/>
   <atom label="ecommerce/size"/>
   <atom label="ecommerce/schedule"/>
   <atom label="ecommerce/assetName"/>
   <atom label="ecommerce/fileURI"/>
   <atom label="ecommerce/excerpt"/>
   <atom label="ecommerce/availability"/>
   <atom label="AssociationMappings/Declaration/DType$0"/>
   <atom label="AssociationMappings/Declaration/No$0"/>
</sig>

<sig label="AssociationMappings/Declaration/Class" ID="10" parentID="14" abstract="yes">
   <atom label="ecommerce/Customer"/>
   <atom label="ecommerce/Order"/>
   <atom label="ecommerce/ShippingCart"/>
   <atom label="ecommerce/Item"/>
   <atom label="ecommerce/CartItem"/>
   <atom label="ecommerce/OrderItem"/>
   <atom label="ecommerce/Category"/>
   <atom label="ecommerce/Product"/>
   <atom label="ecommerce/Catalog"/>
   <atom label="ecommerce/PhysicalProduct"/>
   <atom label="ecommerce/ElectronicProduct"/>
   <atom label="ecommerce/Service"/>
   <atom label="ecommerce/Asset"/>
   <atom label="ecommerce/Media"/>
   <atom label="ecommerce/Documents"/>
</sig>

<field label="attrSet" ID="15" parentID="10">
   <tuple> <atom label="ecommerce/Customer"/> <atom label="ecommerce/customerID"/> </tuple>
   <tuple> <atom label="ecommerce/Order"/> <atom label="ecommerce/orderID"/> </tuple>
   <tuple> <atom label="ecommerce/ShippingCart"/> <atom label="ecommerce/shippingCartID"/> </tuple>
   <tuple> <atom label="ecommerce/Item"/> <atom label="ecommerce/ItemID"/> </tuple>
   <tuple> <atom label="ecommerce/Item"/> <atom label="ecommerce/quantity"/> </tuple>
   <tuple> <atom label="ecommerce/CartItem"/> <atom label="ecommerce/cartItemID"/> </tuple>
   <tuple> <atom label="ecommerce/OrderItem"/> <atom label="ecommerce/status"/> </tuple>
   <tuple> <atom label="ecommerce/OrderItem"/> <atom label="ecommerce/orderItemID"/> </tuple>
   <tuple> <atom label="ecommerce/Category"/> <atom label="ecommerce/categoryID"/> </tuple>
   <tuple> <atom label="ecommerce/Category"/> <atom label="ecommerce/categoryName"/> </tuple>
   <tuple> <atom label="ecommerce/Product"/> <atom label="ecommerce/productID"/> </tuple>
   <tuple> <atom label="ecommerce/Product"/> <atom label="ecommerce/price"/> </tuple>
   <tuple> <atom label="ecommerce/Product"/> <atom label="ecommerce/productName"/> </tuple>
   <tuple> <atom label="ecommerce/Product"/> <atom label="ecommerce/description"/> </tuple>
   <tuple> <atom label="ecommerce/Catalog"/> <atom label="ecommerce/CatalogID"/> </tuple>
   <tuple> <atom label="ecommerce/PhysicalProduct"/> <atom label="ecommerce/weight"/> </tuple>
   <tuple> <atom label="ecommerce/PhysicalProduct"/> <atom label="ecommerce/availability"/> </tuple>
   <tuple> <atom label="ecommerce/ElectronicProduct"/> <atom label="ecommerce/size"/> </tuple>
   <tuple> <atom label="ecommerce/Service"/> <atom label="ecommerce/schedule"/> </tuple>
   <tuple> <atom label="ecommerce/Asset"/> <atom label="ecommerce/assetID"/> </tuple>
   <tuple> <atom label="ecommerce/Asset"/> <atom label="ecommerce/assetName"/> </tuple>
   <tuple> <atom label="ecommerce/Asset"/> <atom label="ecommerce/fileURI"/> </tuple>
   <tuple> <atom label="ecommerce/Media"/> <atom label="ecommerce/mediaType"/> </tuple>
   <tuple> <atom label="ecommerce/Documents"/> <atom label="ecommerce/excerpt"/> </tuple>
   <types> <type ID="10"/> <type ID="14"/> </types>
</field>

<field label="id" ID="16" parentID="10">
   <tuple> <atom label="ecommerce/Customer"/> <atom label="ecommerce/customerID"/> </tuple>
   <tuple> <atom label="ecommerce/Order"/> <atom label="ecommerce/orderID"/> </tuple>
   <tuple> <atom label="ecommerce/ShippingCart"/> <atom label="ecommerce/shippingCartID"/> </tuple>
   <tuple> <atom label="ecommerce/Item"/> <atom label="ecommerce/ItemID"/> </tuple>
   <tuple> <atom label="ecommerce/CartItem"/> <atom label="ecommerce/ItemID"/> </tuple>
   <tuple> <atom label="ecommerce/OrderItem"/> <atom label="ecommerce/ItemID"/> </tuple>
   <tuple> <atom label="ecommerce/Category"/> <atom label="ecommerce/categoryID"/> </tuple>
   <tuple> <atom label="ecommerce/Product"/> <atom label="ecommerce/productID"/> </tuple>
   <tuple> <atom label="ecommerce/Catalog"/> <atom label="ecommerce/CatalogID"/> </tuple>
   <tuple> <atom label="ecommerce/PhysicalProduct"/> <atom label="ecommerce/productID"/> </tuple>
   <tuple> <atom label="ecommerce/ElectronicProduct"/> <atom label="ecommerce/productID"/> </tuple>
   <tuple> <atom label="ecommerce/Service"/> <atom label="ecommerce/productID"/> </tuple>
   <tuple> <atom label="ecommerce/Asset"/> <atom label="ecommerce/assetID"/> </tuple>
   <tuple> <atom label="ecommerce/Media"/> <atom label="ecommerce/assetID"/> </tuple>
   <tuple> <atom label="ecommerce/Documents"/> <atom label="ecommerce/assetID"/> </tuple>
   <types> <type ID="10"/> <type ID="14"/> </types>
</field>

<field label="parent" ID="17" parentID="10">
   <tuple> <atom label="ecommerce/CartItem"/> <atom label="ecommerce/Item"/> </tuple>
   <tuple> <atom label="ecommerce/OrderItem"/> <atom label="ecommerce/Item"/> </tuple>
   <tuple> <atom label="ecommerce/PhysicalProduct"/> <atom label="ecommerce/Product"/> </tuple>
   <tuple> <atom label="ecommerce/ElectronicProduct"/> <atom label="ecommerce/Product"/> </tuple>
   <tuple> <atom label="ecommerce/Service"/> <atom label="ecommerce/Product"/> </tuple>
   <tuple> <atom label="ecommerce/Media"/> <atom label="ecommerce/Asset"/> </tuple>
   <tuple> <atom label="ecommerce/Documents"/> <atom label="ecommerce/Asset"/> </tuple>
   <types> <type ID="10"/> <type ID="10"/> </types>
</field>

<field label="isAbstract" ID="18" parentID="10">
   <tuple> <atom label="ecommerce/Customer"/> <atom label="AssociationMappings/Declaration/No$0"/> </tuple>
   <tuple> <atom label="ecommerce/Order"/> <atom label="AssociationMappings/Declaration/No$0"/> </tuple>
   <tuple> <atom label="ecommerce/ShippingCart"/> <atom label="AssociationMappings/Declaration/No$0"/> </tuple>
   <tuple> <atom label="ecommerce/Item"/> <atom label="AssociationMappings/Declaration/No$0"/> </tuple>
   <tuple> <atom label="ecommerce/CartItem"/> <atom label="AssociationMappings/Declaration/No$0"/> </tuple>
   <tuple> <atom label="ecommerce/OrderItem"/> <atom label="AssociationMappings/Declaration/No$0"/> </tuple>
   <tuple> <atom label="ecommerce/Category"/> <atom label="AssociationMappings/Declaration/No$0"/> </tuple>
   <tuple> <atom label="ecommerce/Product"/> <atom label="AssociationMappings/Declaration/No$0"/> </tuple>
   <tuple> <atom label="ecommerce/Catalog"/> <atom label="AssociationMappings/Declaration/No$0"/> </tuple>
   <tuple> <atom label="ecommerce/PhysicalProduct"/> <atom label="AssociationMappings/Declaration/No$0"/> </tuple>
   <tuple> <atom label="ecommerce/ElectronicProduct"/> <atom label="AssociationMappings/Declaration/No$0"/> </tuple>
   <tuple> <atom label="ecommerce/Service"/> <atom label="AssociationMappings/Declaration/No$0"/> </tuple>
   <tuple> <atom label="ecommerce/Asset"/> <atom label="AssociationMappings/Declaration/No$0"/> </tuple>
   <tuple> <atom label="ecommerce/Media"/> <atom label="AssociationMappings/Declaration/No$0"/> </tuple>
   <tuple> <atom label="ecommerce/Documents"/> <atom label="AssociationMappings/Declaration/No$0"/> </tuple>
   <types> <type ID="10"/> <type ID="19"/> </types>
</field>

<sig label="ecommerce/Customer" ID="20" parentID="10" one="yes">
   <atom label="ecommerce/Customer"/>
</sig>

<sig label="ecommerce/Order" ID="21" parentID="10" one="yes">
   <atom label="ecommerce/Order"/>
</sig>

<sig label="ecommerce/ShippingCart" ID="22" parentID="10" one="yes">
   <atom label="ecommerce/ShippingCart"/>
</sig>

<sig label="ecommerce/Item" ID="23" parentID="10" one="yes">
   <atom label="ecommerce/Item"/>
</sig>

<sig label="ecommerce/CartItem" ID="24" parentID="10" one="yes">
   <atom label="ecommerce/CartItem"/>
</sig>

<sig label="ecommerce/OrderItem" ID="25" parentID="10" one="yes">
   <atom label="ecommerce/OrderItem"/>
</sig>

<sig label="ecommerce/Category" ID="26" parentID="10" one="yes">
   <atom label="ecommerce/Category"/>
</sig>

<sig label="ecommerce/Product" ID="27" parentID="10" one="yes">
   <atom label="ecommerce/Product"/>
</sig>

<sig label="ecommerce/Catalog" ID="28" parentID="10" one="yes">
   <atom label="ecommerce/Catalog"/>
</sig>

<sig label="ecommerce/PhysicalProduct" ID="29" parentID="10" one="yes">
   <atom label="ecommerce/PhysicalProduct"/>
</sig>

<sig label="ecommerce/ElectronicProduct" ID="30" parentID="10" one="yes">
   <atom label="ecommerce/ElectronicProduct"/>
</sig>

<sig label="ecommerce/Service" ID="31" parentID="10" one="yes">
   <atom label="ecommerce/Service"/>
</sig>

<sig label="ecommerce/Asset" ID="32" parentID="10" one="yes">
   <atom label="ecommerce/Asset"/>
</sig>

<sig label="ecommerce/Media" ID="33" parentID="10" one="yes">
   <atom label="ecommerce/Media"/>
</sig>

<sig label="ecommerce/Documents" ID="34" parentID="10" one="yes">
   <atom label="ecommerce/Documents"/>
</sig>

<sig label="AssociationMappings/Declaration/Type" ID="35" parentID="14" abstract="yes">
   <atom label="ecommerce/customerID"/>
   <atom label="ecommerce/orderID"/>
   <atom label="ecommerce/shippingCartID"/>
   <atom label="ecommerce/ItemID"/>
   <atom label="ecommerce/quantity"/>
   <atom label="ecommerce/cartItemID"/>
   <atom label="ecommerce/status"/>
   <atom label="ecommerce/orderItemID"/>
   <atom label="ecommerce/categoryID"/>
   <atom label="ecommerce/productID"/>
   <atom label="ecommerce/CatalogID"/>
   <atom label="ecommerce/assetID"/>
   <atom label="ecommerce/mediaType"/>
   <atom label="ecommerce/price"/>
   <atom label="ecommerce/weight"/>
   <atom label="ecommerce/categoryName"/>
   <atom label="ecommerce/productName"/>
   <atom label="ecommerce/description"/>
   <atom label="ecommerce/size"/>
   <atom label="ecommerce/schedule"/>
   <atom label="ecommerce/assetName"/>
   <atom label="ecommerce/fileURI"/>
   <atom label="ecommerce/excerpt"/>
   <atom label="ecommerce/availability"/>
   <atom label="AssociationMappings/Declaration/DType$0"/>
   <atom label="AssociationMappings/Declaration/No$0"/>
</sig>

<sig label="AssociationMappings/Declaration/Integer" ID="36" parentID="35">
   <atom label="ecommerce/customerID"/>
   <atom label="ecommerce/orderID"/>
   <atom label="ecommerce/shippingCartID"/>
   <atom label="ecommerce/ItemID"/>
   <atom label="ecommerce/quantity"/>
   <atom label="ecommerce/cartItemID"/>
   <atom label="ecommerce/status"/>
   <atom label="ecommerce/orderItemID"/>
   <atom label="ecommerce/categoryID"/>
   <atom label="ecommerce/productID"/>
   <atom label="ecommerce/CatalogID"/>
   <atom label="ecommerce/assetID"/>
   <atom label="ecommerce/mediaType"/>
</sig>

<sig label="ecommerce/customerID" ID="37" parentID="36" one="yes">
   <atom label="ecommerce/customerID"/>
</sig>

<sig label="ecommerce/orderID" ID="38" parentID="36" one="yes">
   <atom label="ecommerce/orderID"/>
</sig>

<sig label="ecommerce/shippingCartID" ID="39" parentID="36" one="yes">
   <atom label="ecommerce/shippingCartID"/>
</sig>

<sig label="ecommerce/ItemID" ID="40" parentID="36" one="yes">
   <atom label="ecommerce/ItemID"/>
</sig>

<sig label="ecommerce/quantity" ID="41" parentID="36" one="yes">
   <atom label="ecommerce/quantity"/>
</sig>

<sig label="ecommerce/cartItemID" ID="42" parentID="36" one="yes">
   <atom label="ecommerce/cartItemID"/>
</sig>

<sig label="ecommerce/status" ID="43" parentID="36" one="yes">
   <atom label="ecommerce/status"/>
</sig>

<sig label="ecommerce/orderItemID" ID="44" parentID="36" one="yes">
   <atom label="ecommerce/orderItemID"/>
</sig>

<sig label="ecommerce/categoryID" ID="45" parentID="36" one="yes">
   <atom label="ecommerce/categoryID"/>
</sig>

<sig label="ecommerce/productID" ID="46" parentID="36" one="yes">
   <atom label="ecommerce/productID"/>
</sig>

<sig label="ecommerce/CatalogID" ID="47" parentID="36" one="yes">
   <atom label="ecommerce/CatalogID"/>
</sig>

<sig label="ecommerce/assetID" ID="48" parentID="36" one="yes">
   <atom label="ecommerce/assetID"/>
</sig>

<sig label="ecommerce/mediaType" ID="49" parentID="36" one="yes">
   <atom label="ecommerce/mediaType"/>
</sig>

<sig label="AssociationMappings/Declaration/Real" ID="50" parentID="35">
   <atom label="ecommerce/price"/>
   <atom label="ecommerce/weight"/>
</sig>

<sig label="ecommerce/price" ID="51" parentID="50" one="yes">
   <atom label="ecommerce/price"/>
</sig>

<sig label="ecommerce/weight" ID="52" parentID="50" one="yes">
   <atom label="ecommerce/weight"/>
</sig>

<sig label="AssociationMappings/Declaration/string" ID="53" parentID="35">
   <atom label="ecommerce/categoryName"/>
   <atom label="ecommerce/productName"/>
   <atom label="ecommerce/description"/>
   <atom label="ecommerce/size"/>
   <atom label="ecommerce/schedule"/>
   <atom label="ecommerce/assetName"/>
   <atom label="ecommerce/fileURI"/>
   <atom label="ecommerce/excerpt"/>
</sig>

<sig label="ecommerce/categoryName" ID="54" parentID="53" one="yes">
   <atom label="ecommerce/categoryName"/>
</sig>

<sig label="ecommerce/productName" ID="55" parentID="53" one="yes">
   <atom label="ecommerce/productName"/>
</sig>

<sig label="ecommerce/description" ID="56" parentID="53" one="yes">
   <atom label="ecommerce/description"/>
</sig>

<sig label="ecommerce/size" ID="57" parentID="53" one="yes">
   <atom label="ecommerce/size"/>
</sig>

<sig label="ecommerce/schedule" ID="58" parentID="53" one="yes">
   <atom label="ecommerce/schedule"/>
</sig>

<sig label="ecommerce/assetName" ID="59" parentID="53" one="yes">
   <atom label="ecommerce/assetName"/>
</sig>

<sig label="ecommerce/fileURI" ID="60" parentID="53" one="yes">
   <atom label="ecommerce/fileURI"/>
</sig>

<sig label="ecommerce/excerpt" ID="61" parentID="53" one="yes">
   <atom label="ecommerce/excerpt"/>
</sig>

<sig label="AssociationMappings/Declaration/Bool" ID="19" parentID="35">
   <atom label="ecommerce/availability"/>
   <atom label="AssociationMappings/Declaration/No$0"/>
</sig>

<sig label="AssociationMappings/Declaration/Yes" ID="62" parentID="19">
</sig>

<sig label="AssociationMappings/Declaration/No" ID="63" parentID="19">
   <atom label="AssociationMappings/Declaration/No$0"/>
</sig>

<sig label="ecommerce/availability" ID="64" parentID="19" one="yes">
   <atom label="ecommerce/availability"/>
</sig>

<sig label="AssociationMappings/Declaration/DType" ID="65" parentID="35">
   <atom label="AssociationMappings/Declaration/DType$0"/>
</sig>

<sig label="AssociationMappings/Declaration/Longblob" ID="66" parentID="35">
</sig>

<sig label="AssociationMappings/Declaration/Time" ID="67" parentID="35">
</sig>

<sig label="AssociationMappings/Declaration/Association" ID="11" parentID="13" abstract="yes">
   <atom label="ecommerce/CustomerOrderAssociation"/>
   <atom label="ecommerce/CustomerShippingCartAssociation"/>
   <atom label="ecommerce/ShippingCartItemAssociation"/>
   <atom label="ecommerce/OrderItemAssociation"/>
   <atom label="ecommerce/ProductCategoryAssociation"/>
   <atom label="ecommerce/ProductCatalogAssociation"/>
   <atom label="ecommerce/ProductItemAssociation"/>
   <atom label="ecommerce/ProductAssetAssociation"/>
</sig>

<field label="src" ID="68" parentID="11">
   <tuple> <atom label="ecommerce/CustomerOrderAssociation"/> <atom label="ecommerce/Customer"/> </tuple>
   <tuple> <atom label="ecommerce/CustomerShippingCartAssociation"/> <atom label="ecommerce/Customer"/> </tuple>
   <tuple> <atom label="ecommerce/ShippingCartItemAssociation"/> <atom label="ecommerce/ShippingCart"/> </tuple>
   <tuple> <atom label="ecommerce/OrderItemAssociation"/> <atom label="ecommerce/Order"/> </tuple>
   <tuple> <atom label="ecommerce/ProductCategoryAssociation"/> <atom label="ecommerce/Product"/> </tuple>
   <tuple> <atom label="ecommerce/ProductCatalogAssociation"/> <atom label="ecommerce/Product"/> </tuple>
   <tuple> <atom label="ecommerce/ProductItemAssociation"/> <atom label="ecommerce/Product"/> </tuple>
   <tuple> <atom label="ecommerce/ProductAssetAssociation"/> <atom label="ecommerce/Product"/> </tuple>
   <types> <type ID="11"/> <type ID="10"/> </types>
</field>

<field label="dst" ID="69" parentID="11">
   <tuple> <atom label="ecommerce/CustomerOrderAssociation"/> <atom label="ecommerce/Order"/> </tuple>
   <tuple> <atom label="ecommerce/CustomerShippingCartAssociation"/> <atom label="ecommerce/ShippingCart"/> </tuple>
   <tuple> <atom label="ecommerce/ShippingCartItemAssociation"/> <atom label="ecommerce/Item"/> </tuple>
   <tuple> <atom label="ecommerce/OrderItemAssociation"/> <atom label="ecommerce/Item"/> </tuple>
   <tuple> <atom label="ecommerce/ProductCategoryAssociation"/> <atom label="ecommerce/Category"/> </tuple>
   <tuple> <atom label="ecommerce/ProductCatalogAssociation"/> <atom label="ecommerce/Catalog"/> </tuple>
   <tuple> <atom label="ecommerce/ProductItemAssociation"/> <atom label="ecommerce/Item"/> </tuple>
   <tuple> <atom label="ecommerce/ProductAssetAssociation"/> <atom label="ecommerce/Asset"/> </tuple>
   <types> <type ID="11"/> <type ID="10"/> </types>
</field>

<field label="src_multiplicity" ID="70" parentID="11">
   <tuple> <atom label="ecommerce/CustomerOrderAssociation"/> <atom label="AssociationMappings/Declaration/ONE"/> </tuple>
   <tuple> <atom label="ecommerce/CustomerShippingCartAssociation"/> <atom label="AssociationMappings/Declaration/ONE"/> </tuple>
   <tuple> <atom label="ecommerce/ShippingCartItemAssociation"/> <atom label="AssociationMappings/Declaration/ONE"/> </tuple>
   <tuple> <atom label="ecommerce/OrderItemAssociation"/> <atom label="AssociationMappings/Declaration/ONE"/> </tuple>
   <tuple> <atom label="ecommerce/ProductCategoryAssociation"/> <atom label="AssociationMappings/Declaration/MANY"/> </tuple>
   <tuple> <atom label="ecommerce/ProductCatalogAssociation"/> <atom label="AssociationMappings/Declaration/ONE"/> </tuple>
   <tuple> <atom label="ecommerce/ProductItemAssociation"/> <atom label="AssociationMappings/Declaration/MANY"/> </tuple>
   <tuple> <atom label="ecommerce/ProductAssetAssociation"/> <atom label="AssociationMappings/Declaration/MANY"/> </tuple>
   <types> <type ID="11"/> <type ID="71"/> </types>
</field>

<field label="dst_multiplicity" ID="72" parentID="11">
   <tuple> <atom label="ecommerce/CustomerOrderAssociation"/> <atom label="AssociationMappings/Declaration/MANY"/> </tuple>
   <tuple> <atom label="ecommerce/CustomerShippingCartAssociation"/> <atom label="AssociationMappings/Declaration/MANY"/> </tuple>
   <tuple> <atom label="ecommerce/ShippingCartItemAssociation"/> <atom label="AssociationMappings/Declaration/MANY"/> </tuple>
   <tuple> <atom label="ecommerce/OrderItemAssociation"/> <atom label="AssociationMappings/Declaration/MANY"/> </tuple>
   <tuple> <atom label="ecommerce/ProductCategoryAssociation"/> <atom label="AssociationMappings/Declaration/MANY"/> </tuple>
   <tuple> <atom label="ecommerce/ProductCatalogAssociation"/> <atom label="AssociationMappings/Declaration/MANY"/> </tuple>
   <tuple> <atom label="ecommerce/ProductItemAssociation"/> <atom label="AssociationMappings/Declaration/MANY"/> </tuple>
   <tuple> <atom label="ecommerce/ProductAssetAssociation"/> <atom label="AssociationMappings/Declaration/MANY"/> </tuple>
   <types> <type ID="11"/> <type ID="71"/> </types>
</field>

<sig label="ecommerce/CustomerOrderAssociation" ID="73" parentID="11" one="yes">
   <atom label="ecommerce/CustomerOrderAssociation"/>
</sig>

<sig label="ecommerce/CustomerShippingCartAssociation" ID="74" parentID="11" one="yes">
   <atom label="ecommerce/CustomerShippingCartAssociation"/>
</sig>

<sig label="ecommerce/ShippingCartItemAssociation" ID="75" parentID="11" one="yes">
   <atom label="ecommerce/ShippingCartItemAssociation"/>
</sig>

<sig label="ecommerce/OrderItemAssociation" ID="76" parentID="11" one="yes">
   <atom label="ecommerce/OrderItemAssociation"/>
</sig>

<sig label="ecommerce/ProductCategoryAssociation" ID="77" parentID="11" one="yes">
   <atom label="ecommerce/ProductCategoryAssociation"/>
</sig>

<sig label="ecommerce/ProductCatalogAssociation" ID="78" parentID="11" one="yes">
   <atom label="ecommerce/ProductCatalogAssociation"/>
</sig>

<sig label="ecommerce/ProductItemAssociation" ID="79" parentID="11" one="yes">
   <atom label="ecommerce/ProductItemAssociation"/>
</sig>

<sig label="ecommerce/ProductAssetAssociation" ID="80" parentID="11" one="yes">
   <atom label="ecommerce/ProductAssetAssociation"/>
</sig>

<sig label="AssociationMappings/Declaration/Multiplicity_State" ID="71" parentID="0" abstract="yes">
   <atom label="AssociationMappings/Declaration/ONE"/>
   <atom label="AssociationMappings/Declaration/MANY"/>
</sig>

<sig label="AssociationMappings/Declaration/ONE" ID="81" parentID="71" one="yes">
   <atom label="AssociationMappings/Declaration/ONE"/>
</sig>

<sig label="AssociationMappings/Declaration/MANY" ID="82" parentID="71" one="yes">
   <atom label="AssociationMappings/Declaration/MANY"/>
</sig>

<sig label="AssociationMappings/Declaration/Strategy" ID="83" parentID="0" abstract="yes">
   <atom label="ORMStrategies/UnionSubclassStrategy"/>
   <atom label="ORMStrategies/JoinedSubclassStrategy"/>
   <atom label="ORMStrategies/UnionSuperclassStrategy"/>
   <atom label="AssociationMappings/ForeignKeyEmbeddingStrategy"/>
   <atom label="AssociationMappings/OwnAssociationTableStrategy"/>
   <atom label="AssociationMappings/MergingOneTableStrategy"/>
</sig>

<field label="assignees" ID="84" parentID="83">
   <tuple> <atom label="ORMStrategies/UnionSubclassStrategy"/> <atom label="ecommerce/Customer"/> </tuple>
   <tuple> <atom label="ORMStrategies/UnionSubclassStrategy"/> <atom label="ecommerce/Order"/> </tuple>
   <tuple> <atom label="ORMStrategies/UnionSubclassStrategy"/> <atom label="ecommerce/ShippingCart"/> </tuple>
   <tuple> <atom label="ORMStrategies/UnionSubclassStrategy"/> <atom label="ecommerce/Category"/> </tuple>
   <tuple> <atom label="ORMStrategies/UnionSubclassStrategy"/> <atom label="ecommerce/Product"/> </tuple>
   <tuple> <atom label="ORMStrategies/UnionSubclassStrategy"/> <atom label="ecommerce/PhysicalProduct"/> </tuple>
   <tuple> <atom label="ORMStrategies/JoinedSubclassStrategy"/> <atom label="ecommerce/CartItem"/> </tuple>
   <tuple> <atom label="ORMStrategies/JoinedSubclassStrategy"/> <atom label="ecommerce/OrderItem"/> </tuple>
   <tuple> <atom label="ORMStrategies/JoinedSubclassStrategy"/> <atom label="ecommerce/ElectronicProduct"/> </tuple>
   <tuple> <atom label="ORMStrategies/JoinedSubclassStrategy"/> <atom label="ecommerce/Service"/> </tuple>
   <tuple> <atom label="ORMStrategies/UnionSuperclassStrategy"/> <atom label="ecommerce/Asset"/> </tuple>
   <tuple> <atom label="ORMStrategies/UnionSuperclassStrategy"/> <atom label="ecommerce/Media"/> </tuple>
   <tuple> <atom label="ORMStrategies/UnionSuperclassStrategy"/> <atom label="ecommerce/Documents"/> </tuple>
   <tuple> <atom label="AssociationMappings/ForeignKeyEmbeddingStrategy"/> <atom label="ecommerce/ShippingCartItemAssociation"/> </tuple>
   <tuple> <atom label="AssociationMappings/ForeignKeyEmbeddingStrategy"/> <atom label="ecommerce/OrderItemAssociation"/> </tuple>
   <tuple> <atom label="AssociationMappings/ForeignKeyEmbeddingStrategy"/> <atom label="ecommerce/ProductCatalogAssociation"/> </tuple>
   <tuple> <atom label="AssociationMappings/OwnAssociationTableStrategy"/> <atom label="ecommerce/CustomerOrderAssociation"/> </tuple>
   <tuple> <atom label="AssociationMappings/OwnAssociationTableStrategy"/> <atom label="ecommerce/CustomerShippingCartAssociation"/> </tuple>
   <tuple> <atom label="AssociationMappings/OwnAssociationTableStrategy"/> <atom label="ecommerce/ProductCategoryAssociation"/> </tuple>
   <tuple> <atom label="AssociationMappings/OwnAssociationTableStrategy"/> <atom label="ecommerce/ProductItemAssociation"/> </tuple>
   <tuple> <atom label="AssociationMappings/OwnAssociationTableStrategy"/> <atom label="ecommerce/ProductAssetAssociation"/> </tuple>
   <types> <type ID="83"/> <type ID="10"/> </types>
   <types> <type ID="83"/> <type ID="11"/> </types>
</field>

<sig label="ORMStrategies/UnionSubclassStrategy" ID="85" parentID="83" one="yes">
   <atom label="ORMStrategies/UnionSubclassStrategy"/>
</sig>

<sig label="ORMStrategies/JoinedSubclassStrategy" ID="86" parentID="83" one="yes">
   <atom label="ORMStrategies/JoinedSubclassStrategy"/>
</sig>

<sig label="ORMStrategies/UnionSuperclassStrategy" ID="87" parentID="83" one="yes">
   <atom label="ORMStrategies/UnionSuperclassStrategy"/>
</sig>

<sig label="AssociationMappings/ForeignKeyEmbeddingStrategy" ID="88" parentID="83" one="yes">
   <atom label="AssociationMappings/ForeignKeyEmbeddingStrategy"/>
</sig>

<sig label="AssociationMappings/OwnAssociationTableStrategy" ID="89" parentID="83" one="yes">
   <atom label="AssociationMappings/OwnAssociationTableStrategy"/>
</sig>

<sig label="AssociationMappings/MergingOneTableStrategy" ID="90" parentID="83" one="yes">
   <atom label="AssociationMappings/MergingOneTableStrategy"/>
</sig>

<sig label="AssociationMappings/AssociationMappingStrategies" ID="91" parentID="0" one="yes">
   <atom label="AssociationMappings/AssociationMappingStrategies"/>
</sig>

<field label="FKE" ID="92" parentID="91">
   <tuple> <atom label="AssociationMappings/AssociationMappingStrategies"/> <atom label="ecommerce/ShippingCartItemAssociation"/> </tuple>
   <tuple> <atom label="AssociationMappings/AssociationMappingStrategies"/> <atom label="ecommerce/OrderItemAssociation"/> </tuple>
   <tuple> <atom label="AssociationMappings/AssociationMappingStrategies"/> <atom label="ecommerce/ProductCatalogAssociation"/> </tuple>
   <types> <type ID="91"/> <type ID="11"/> </types>
</field>

<field label="OAT" ID="93" parentID="91">
   <tuple> <atom label="AssociationMappings/AssociationMappingStrategies"/> <atom label="ecommerce/CustomerOrderAssociation"/> </tuple>
   <tuple> <atom label="AssociationMappings/AssociationMappingStrategies"/> <atom label="ecommerce/CustomerShippingCartAssociation"/> </tuple>
   <tuple> <atom label="AssociationMappings/AssociationMappingStrategies"/> <atom label="ecommerce/ProductCategoryAssociation"/> </tuple>
   <tuple> <atom label="AssociationMappings/AssociationMappingStrategies"/> <atom label="ecommerce/ProductItemAssociation"/> </tuple>
   <tuple> <atom label="AssociationMappings/AssociationMappingStrategies"/> <atom label="ecommerce/ProductAssetAssociation"/> </tuple>
   <types> <type ID="91"/> <type ID="11"/> </types>
</field>

<field label="MOT" ID="94" parentID="91">
   <types> <type ID="91"/> <type ID="11"/> </types>
</field>

</instance>

</alloy>
